{
    "loss": 55.52595901489258,
    "accuracy": 0.5035971403121948
}